{"authors": {"roc_auc": {"avg": 0.86937, "std": 0.02651769409281282}, "prec_rec_auc": {"avg": 0.0809, "std": 0.008064242059859067}, "recall_1%": {"avg": 0.269231, "std": 0.027736951328507616}, "recall_3%": {"avg": 0.49692400000000003, "std": 0.05011261641542974}, "avg_precision": {"avg": 0.0859, "std": 0.008445930380958628}}, "mine": {"roc_auc": {"avg": 0.82598, "std": 0.008244003881609936}, "prec_rec_auc": {"avg": 0.40262000000000003, "std": 0.012902387375985888}, "recall_1%": {"avg": 0.269231, "std": 0.027736951328507616}, "recall_3%": {"avg": 0.49692400000000003, "std": 0.05011261641542974}, "avg_precision": {"avg": 0.024232, "std": 0.007230735508923003}}}